url,title,description,languages,assessment_length,test_type,remote_available,job_levels
https://www.shl.com/solutions/products/product-catalog/view/account-manager-solution/,Account Manager Solution,"The Account Manager solution is an assessment used for job candidates applying to mid-level leadership positions that tend to manage the day-to-day operations and activities of client accounts. Sample tasks for these jobs include, but are not limited to: communicating with clients about project status, developing and maintaining project plans, coordinating internally with appropriate project personnel, and ensuring client expectations are being met. Potential job titles that use this solution are: Account Executive, Account Manager, and Senior Account Manager. There are multiple configurations of this solution available.","English (USA),",49 minutes,"Competencies, Personality & Behavior, Ability & Aptitude, Biodata & Situational Judgement",Yes,"Professional, Manager, Executive"
https://www.shl.com/solutions/products/product-catalog/view/administrative-professional-short-form/,Administrative Professional - Short Form,"The Administrative Professional solution is for entry to mid-level positions that involve routine clerical and administrative functions in addition to office management functions and customer service. Sample tasks for this job include, but are not limited to: arranging conference calls; drafting correspondence; scheduling meetings; greeting visitors; coordinating office activities. Potential job titles that use this solution are: Administrative Assistant, Secretary, Office Manager, Administrative Aide, and Administrative Associate.","English (USA),",36 minutes,"Ability & Aptitude, Knowledge & Skills, Personality & Behavior",Yes,"Entry, Professional, Manager"
https://www.shl.com/solutions/products/product-catalog/view/agency-manager-solution/,Agency Manager Solution,"The Agency Manager solution is for mid-level sales management positions that include front line management and sales responsibilities. Sample tasks for this job include, but are not limited to: directing and coordinating financial activities of workers in a branch, office, or department of an establishment, such as branch bank, brokerage firm, risk and insurance department, or credit department.  Potential job titles that use this solution are: Agency Manager, Brokerage Manager. Multiple configurations of this solution are available.","English (USA),",51 minutes,"Ability & Aptitude, Biodata & Situational Judgement, Personality & Behavior, Simulations",Yes,"Professional, Manager"
https://www.shl.com/solutions/products/product-catalog/view/apprentice-8-0-job-focused-assessment-4261/,Apprentice + 8.0 Job Focused Assessment,"The Apprentice + 8.0 Job-Focused Assessment is a short, targeted, globally applicable assessment which includes a short cognitive ability measure. This assessment is designed for entry-level positions appropriate for countries and industries that use an apprenticeship model. It is intended to be used multi-nationally for organisations whose business spans across regions.","English International, German,",30 minutes,"Biodata & Situational Judgement, Personality & Behavior",Yes,"Entry, Professional, Manager"
https://www.shl.com/solutions/products/product-catalog/view/apprentice-8-0-job-focused-assessment/,Apprentice 8.0 Job Focused Assessment,"The Apprentice 8.0 Job-Focused Assessment is a short, targeted, globally applicable assessment. This assessment is designed for entry-level positions appropriate for countries and industries that use an apprenticeship model. It is intended to be used multi-nationally for organizations whose business spans across regions.","English International, German, French,",20 minutes,"Biodata & Situational Judgement, Personality & Behavior",Yes,"Entry, Professional, Manager"
https://www.shl.com/solutions/products/product-catalog/view/bank-administrative-assistant-short-form/,Bank Administrative Assistant - Short Form,"The Administrative Assistant solution is for entry-level clerical positions that interact with external or internal customers. Sample tasks for these jobs include, but are not limited to: answering telephones, managing files and records, sorting mail, greeting customers, and collaborating with co-workers on projects. Potential job titles that use this solution are: Receptionist and Administrative Assistant. There are multiple configurations of this solution available.","English (USA),",35 minutes,"Ability & Aptitude, Biodata & Situational Judgement, Knowledge & Skills, Personality & Behavior",Yes,"Entry, Professional, Manager"
https://www.shl.com/solutions/products/product-catalog/view/bank-collections-agent-short-form/,Bank Collections Agent - Short Form,"This solution is for entry-level collections positions in an inbound or outbound call center environment in a financial setting. Candidates answer multiple choice questions to measure achievement orientation, dependability, collector numerical skills, revenue recovery, customer focus, and persistence and planfulness. There are multiple configurations and versions of this solution available.","English (USA),",45 minutes,"Ability & Aptitude, Biodata & Situational Judgement, Personality & Behavior",Yes,"Entry, Professional, Manager"
https://www.shl.com/solutions/products/product-catalog/view/bank-operations-supervisor-short-form/,Bank Operations Supervisor - Short Form,"The Bank Operations Supervisor solution is for job candidates applying to entry-level leadership positions who tend to supervise hourly employees. Sample tasks for these jobs include, but are not limited to:  planning and preparing work schedules, assigning employees to specific duties; coaching  employees on attendance, conduct, schedule adherence, and work tasks, developing employees' skills ; training subordinates; prioritizing multiple tasks  and priorities; and making  day-to-day decisions with minimal guidance from others. Potential job titles that use this solution are: Team Leader, First Line Supervisor, Processing Supervisor, Call Center Supervisor, and Customer Service Supervisor. There are multiple configurations and versions of this solution available.","English (USA),",45 minutes,"Ability & Aptitude, Biodata & Situational Judgement, Personality & Behavior, Simulations",Yes,"Entry, Professional, Manager"
https://www.shl.com/solutions/products/product-catalog/view/bilingual-spanish-reservation-agent-solution/,Bilingual Spanish Reservation Agent Solution,"The Bilingual Reservation Agent solution is designed for customer centered entry-level positions within the hospitality industry. Sample tasks may include making, updating, or canceling hotel reservations made in English or Spanish; listening to customers speak Spanish and entering information into a computer in English; providing information on the hotel and the services offered. Potential job titles that use this solution are: Bilingual Reservation Agent, Customer Service Representative and Reservationist. Multiple configurations of this solution are available.","English (USA), Latin American Spanish,",43 minutes,"Biodata & Situational Judgement, Personality & Behavior, Simulations, Ability & Aptitude",Yes,"Entry, Professional, Manager"
https://www.shl.com/solutions/products/product-catalog/view/bookkeeping-accounting-auditing-clerk-short-form/,"Bookkeeping, Accounting, Auditing Clerk Short Form","The Bookkeeping, Accounting, and Auditing Clerk solution is for entry-level positions that involve entering numerical data into computer systems and maintaining financial records. Sample tasks for this job include, but are not limited to: entering financial data into computers; checking financial records for accuracy; perform routine computations on financial data. Potential job titles that use this solution are: Accounting Clerk, Bookkeeper, Accounting Associate, Auditing Clerk and Accounts Receivable Clerk.","English (USA),",49 minutes,"Personality & Behavior, Simulations, Knowledge & Skills, Biodata & Situational Judgement, Ability & Aptitude",Yes,"Entry, Professional, Manager"
https://www.shl.com/solutions/products/product-catalog/view/branch-manager-short-form/,Branch Manager - Short Form,"This solution is for mid to upper-level financial institution managerial positions. Candidates answer a series of multiple choice questions to measure management potential, management judgment, leadership potential, team management, branch manager problem solving, business leadership, leadership motivation, interpersonal leadership, self leadership, and branch manager judgment. There are multiple configurations and versions of this solution available.","English (USA),",50 minutes,"Ability & Aptitude, Biodata & Situational Judgement, Personality & Behavior",Yes,"Professional, Manager"
https://www.shl.com/solutions/products/product-catalog/view/cashier-solution/,Cashier Solution,"The Cashier solution is for entry-level retail positions in which employees receive payment in the form of cash, check, or credit cards for goods purchased. Sample tasks for these jobs include, but are not limited to: handling payments, offering customer service, and issuing receipts and refunds. Potential job titles that use this solution are: Cashier, Sales Associate, and Clerk. There are multiple configurations and versions of this solution available.","English (USA),",28 minutes,"Biodata & Situational Judgement, Ability & Aptitude, Personality & Behavior",Yes,"Entry, Professional, Manager"
https://www.shl.com/solutions/products/product-catalog/view/global-skills-development-report/,Global Skills Development Report,"This report is designed to be given to individuals who have completed the Global Skills Assessment (GSA). With coverage across the Great 8 Domains, this measure of self-reported behaviors offers a complete overview of their current skills. Participants receive actionable tips on leveraging their top skill strengths and how they might develop their growth skills.",,,"Ability & Aptitude, Assessment Exercises, Biodata & Situational Judgement, Competencies, Development & 360, Personality & Behavior",Yes,"Entry, Professional, Manager, Executive, Director"
https://www.shl.com/solutions/products/product-catalog/view/net-framework-4-5/,.NET Framework 4.5,"The.NET Framework 4.5 test measures knowledge of .NET environment. Designed for experienced users, this test covers the following topics: Application Development, Application Foundation, Data Modeling, Deployment, Diagnostics, Performance, Portability, and Security.","English (USA),",30 minutes,Knowledge & Skills,Yes,"Professional, Manager"
https://www.shl.com/solutions/products/product-catalog/view/net-mvc-new/,.NET MVC (New),"Multi-choice test that measures the knowledge of Model-View-Controller (MVC) architecture, validation, security, routing, and areas.","English (USA),",17 minutes,Knowledge & Skills,Yes,"Professional, Manager"
https://www.shl.com/solutions/products/product-catalog/view/net-mvvm-new/,.NET MVVM (New),"Multi-choice test that measures the knowledge of MVVM pattern, scenarios, data validation, ViewModel communication and Quick-start.","English (USA),",5 minutes,Knowledge & Skills,Yes,"Professional, Manager"
https://www.shl.com/solutions/products/product-catalog/view/net-wcf-new/,.NET WCF (New),"Multi-choice test that measures the knowledge of .NET fundamentals, WCF architecture, programming model, SOA, managing and programming WCF.","English (USA),",11 minutes,Knowledge & Skills,Yes,"Professional, Manager"
https://www.shl.com/solutions/products/product-catalog/view/net-wpf-new/,.NET WPF (New),"Multi-choice test that measures the knowledge of .NET basics, WPF, XAML controls, events, layouts, working with WPF windows/menus and deploying WPF applications.","English (USA),",9 minutes,Knowledge & Skills,Yes,"Professional, Manager"
https://www.shl.com/solutions/products/product-catalog/view/net-xaml-new/,.NET XAML (New),"Multi-choice test that measures the knowledge of XAML triggers, data binding, custom controls and layouts.","English (USA),",5 minutes,Knowledge & Skills,Yes,"Professional, Manager"
https://www.shl.com/solutions/products/product-catalog/view/accounts-payable-new/,Accounts Payable (New),"Multiple-choice test that measures the knowledge of processing payables and vendor invoices, and the posting of journal entries.","English (USA),",9 minutes,Knowledge & Skills,Yes,"Entry, Professional, Manager"
https://www.shl.com/solutions/products/product-catalog/view/accounts-payable-simulation-new/,Accounts Payable Simulation (New),Simulated data entry test that measures the ability to process payables and vendor invoices.,"English (USA),",8 minutes,Simulations,Yes,"Entry, Professional, Manager"
https://www.shl.com/solutions/products/product-catalog/view/accounts-receivable-new/,Accounts Receivable (New),Multiple-choice test that measures the knowledge of processing receivables and invoices.,"English (USA),",13 minutes,Knowledge & Skills,Yes,"Entry, Professional, Manager"
https://www.shl.com/solutions/products/product-catalog/view/accounts-receivable-simulation-new/,Accounts Receivable Simulation (New),Simulated data entry test that measures the ability to process receivables and invoices.,"English (USA),",8 minutes,Simulations,Yes,"Entry, Professional, Manager"
https://www.shl.com/solutions/products/product-catalog/view/ado-net-new/,ADO.NET (New),"Multi-choice test that measures the knowledge on the concepts of ADO.NET architecture, components and data provider objects.","English (USA),",10 minutes,Knowledge & Skills,Yes,"Professional, Manager"
https://www.shl.com/solutions/products/product-catalog/view/adobe-experience-manager-new/,Adobe Experience Manager (New),"Multi-choice test that measures the knowledge of AEM components, templates, workflows, AEM collections, OSGi services and troubleshooting of AEM projects.","English (USA),",17 minutes,Knowledge & Skills,Yes,"Professional, Manager"
https://www.shl.com/solutions/products/product-catalog/view/adobe-photoshop-cc/,Adobe Photoshop CC,"The Adobe Photoshop CC test measures knowledge of Adobe Photoshop CC. Designed for experienced users, this test covers the following topics: 3D, Color, File Management, Interface, Layers, Painting and Drawing, Retouch and Enhancements, Selection, Text, and Web.","English (USA),",20 minutes,Knowledge & Skills,Yes,"Professional, Manager"
https://www.shl.com/solutions/products/product-catalog/view/aeronautical-engineering-new/,Aeronautical Engineering (New),"Multi-choice test that measures the knowledge of flight mechanics, space dynamics, aerodynamics, structures and propulsion.","English (USA),",10 minutes,Knowledge & Skills,Yes,"Professional, Manager"
https://www.shl.com/solutions/products/product-catalog/view/aerospace-engineering-new/,Aerospace Engineering (New),"Multi-choice test that measures the conceptual knowledge of aerodynamics, aircraft systems and instrumentation, flight dynamics, space dynamics and avionics.","English (USA),",10 minutes,Knowledge & Skills,Yes,"Professional, Manager"
https://www.shl.com/solutions/products/product-catalog/view/agile-software-development/,Agile Software Development,"Multi-choice test that measures the knowledge of agile methodology, scrum, feature driven software development, incremental and iterative development and processes involved in agile software development.","English (USA),",7 minutes,Knowledge & Skills,Yes,"Professional, Manager"
https://www.shl.com/solutions/products/product-catalog/view/agile-testing-new/,Agile Testing (New),"Multi-choice test that measures the knowledge of tools, techniques and processes involved in the Agile testing methodology.","English (USA),",13 minutes,Knowledge & Skills,Yes,"Professional, Manager"
https://www.shl.com/solutions/products/product-catalog/view/ai-skills/,AI Skills,The AI Skills assessment measures the skills that help candidates successfully leverage AI in their work.,"English (USA),",16 minutes,Personality & Behavior,Yes,"Professional, Manager"
https://www.shl.com/solutions/products/product-catalog/view/amazon-web-services-aws-development-new/,Amazon Web Services (AWS) Development (New),"Multi-choice test that measures the knowledge of AWS delivery process, monitoring, metrics, logging, security, validation and scalability.","English (USA),",6 minutes,Knowledge & Skills,Yes,"Professional, Manager"
https://www.shl.com/solutions/products/product-catalog/view/android-development-new/,Android Development (New),"Multi-choice test that measures the knowledge of UI components for an Android device, services and alerts, animation and media apps, application components, security and testing.","English (USA),",7 minutes,Knowledge & Skills,Yes,"Professional, Manager"
https://www.shl.com/solutions/products/product-catalog/view/angular-6-new/,Angular 6 (New),"Multi-choice test that measures the knowledge of the basic components and modules of Angular 6 and concepts like data binding, dependency injection, CRUD with HTTP, typescript, routing and navigation.","English (USA),",11 minutes,Knowledge & Skills,Yes,"Professional, Manager"
https://www.shl.com/solutions/products/product-catalog/view/angularjs-new/,AngularJS (New),"Multi-choice test that measures the knowledge of AngularJS architecture, forms, directives, filters, controllers, routing and testing.","English (USA),",9 minutes,Knowledge & Skills,Yes,"Professional, Manager"
https://www.shl.com/solutions/products/product-catalog/view/apache-hadoop-new/,Apache Hadoop (New),"Multi-choice test that measures the knowledge of basic concepts of Hadoop, commands, HDFS and MapReduce.","English (USA),",7 minutes,Knowledge & Skills,Yes,"Professional, Manager"
https://www.shl.com/solutions/products/product-catalog/view/apache-hadoop-extensions-new/,Apache Hadoop Extensions (New),"Multi-choice test that measures the conceptual knowledge of Pig, Hive and HBase.","English (USA),",9 minutes,Knowledge & Skills,Yes,"Professional, Manager"
https://www.shl.com/solutions/products/product-catalog/view/apache-hbase-new/,Apache HBase (New),"Multi-choice test that measures the knowledge of HBase concepts such as CAP theorem, ACID properties, HBase client API, MapReduce integration, configuration and administration.","English (USA),",5 minutes,Knowledge & Skills,Yes,"Professional, Manager"
https://www.shl.com/solutions/products/product-catalog/view/apache-hive-new/,Apache Hive (New),"Multi-choice test that measures the knowledge of Hive architecture, datatypes, built-in functions, configurations, partitioning, bucketing and commands of Hive query language.","English (USA),",5 minutes,Knowledge & Skills,Yes,"Professional, Manager"
https://www.shl.com/solutions/products/product-catalog/view/apache-kafka-new/,Apache Kafka (New),"Multi-choice test that measures the knowledge of Apache Kafka architecture, components, clusters, performance tuning and advanced operations.","English (USA),",6 minutes,Knowledge & Skills,Yes,"Professional, Manager"
https://www.shl.com/solutions/products/product-catalog/view/apache-pig-new/,Apache Pig (New),"Multi-choice test that measures the knowledge of Pig architecture, built-in operators, built-in functions and commands in PigLatin.","English (USA),",6 minutes,Knowledge & Skills,Yes,"Professional, Manager"
https://www.shl.com/solutions/products/product-catalog/view/apache-spark-new/,Apache Spark (New),"Multi-choice test that measures the knowledge of Apache Spark principles, RDD operations - actions and transformations, lineage graphs and lazy evaluation.","English (USA),",8 minutes,Knowledge & Skills,Yes,"Professional, Manager"
https://www.shl.com/solutions/products/product-catalog/view/asp-net-with-c-new/,ASP .NET with C# (New),"Multi-choice test that measures the knowledge of .NET framework and controls, C# fundamentals, OOPs concepts and advanced topics such as data access components, state management and security services.","English (USA),",13 minutes,Knowledge & Skills,Yes,"Professional, Manager"
https://www.shl.com/solutions/products/product-catalog/view/asp-net-4-5/,ASP.NET 4.5,"The ASP.NET 4.5 test measures knowledge of programming in the ASP.NET environment. Designed for experienced developers, but an average performer in this role should pass this test. This test includes the following topics: .NET Framework, Client-Side Programming, Data Access, Enhanced Runtime Features, Portals, Services and Mobile, Security, Troubleshooting and Optimization, Web Applications, and Web Forms.","English (USA),",30 minutes,Knowledge & Skills,Yes,"Professional, Manager"
https://www.shl.com/solutions/products/product-catalog/view/assessment-and-development-center-exercises/,Assessment and Development Center Exercises,"SHL offers a comprehensive range of Assessment and Development Centre exercise in digital format, for remote assessment through our Virtual Assessment and Development Centre platform.We offer a wide range of exercise types including group exercise, role plays, analysis presentations and written exercises.Exercises are available across a wide range of job levels and industry contexts.Contact SHL to find out more.","English International, English (USA),",,Assessment Exercises,Yes,"Entry, Professional, Manager, Executive, Director"
https://www.shl.com/solutions/products/product-catalog/view/automata-fix-new/,Automata - Fix (New),"A simulated compiler integrated test to measure debugging skills in C, C++ and Java. The test checks the ability to fix logical or syntactical errors and to reuse an existing code.Your use of this assessment product may be subject to New York City Law 144 (Regulation of the Use of Automated Employment Decision Tools) (dated July 5, 2023). Compliance with Law 144 is your responsibility.
Read more on https://www.shl.com/legal/shl-us-regulatory-compliance/","English (USA),",20 minutes,Simulations,Yes,"Professional, Manager"
https://www.shl.com/solutions/products/product-catalog/view/automata-sql-new/,Automata - SQL (New),"A simulated query writing test that measures the ability to write SQL queries to perform DDL, DML and DCL tasks.","English (USA),",30 minutes,Simulations,Yes,"Professional, Manager"
https://www.shl.com/solutions/products/product-catalog/view/automata-new/,Automata (New),"An AI-powered coding simulation assessment that evaluates candidate’s programming ability. Offers a familiar IDE environment available in over 40 different programming languages and tests candidates using real-world coding problems.Your use of this assessment product may be subject to New York City Law 144 (Regulation of the Use of Automated Employment Decision Tools) (dated July 5, 2023). Compliance with Law 144 is your responsibility.
Read more on https://www.shl.com/legal/shl-us-regulatory-compliance/","English (USA),",45 minutes,Simulations,Yes,"Professional, Manager"
https://www.shl.com/solutions/products/product-catalog/view/automata-data-science-new/,Automata Data Science (New),A simulated test that measures the ability to analyze and modify data using machine learning algorithms to obtain desirable results.,"English (USA),",60 minutes,Simulations,Yes,"Professional, Manager"
https://www.shl.com/solutions/products/product-catalog/view/automata-data-science-pro-new/,Automata Data Science Pro (New),A simulated test that measures the ability to analyze and modify data using machine learning algorithms to obtain desirable results.,"English (USA),",60 minutes,Simulations,Yes,"Professional, Manager"
https://www.shl.com/solutions/products/product-catalog/view/automata-front-end/,Automata Front End,"Simulation based test that measures the front-end development capabilities using HTML, CSS, and
JavaScript. The candidate is provided with 3 different sections to code in HTML, CSS and JavaScript respectively and a separate output section to view the output. This simulation is then manually scored.","English (USA),",30 minutes,Simulations,Yes,"Entry, Professional, Manager"
https://www.shl.com/solutions/products/product-catalog/view/automata-pro-new/,Automata Pro (New),"An AI-powered coding simulation assessment that evaluates candidate’s programming ability. Offers a familiar IDE environment available in over 40 different programming languages and tests candidates using real-world coding problems.Your use of this assessment product may be subject to New York City Law 144 (Regulation of the Use of Automated Employment Decision Tools) (dated July 5, 2023). Compliance with Law 144 is your responsibility.
Read more on https://www.shl.com/legal/shl-us-regulatory-compliance/","English (USA),",60 minutes,Simulations,Yes,"Professional, Manager"
https://www.shl.com/solutions/products/product-catalog/view/automata-selenium/,Automata Selenium,A coding simulation assessment that evaluates the ability to conduct tasks related to automation testing using Selenium scripts.,"English (USA),",60 minutes,Simulations,Yes,"Entry, Professional, Manager"
https://www.shl.com/solutions/products/product-catalog/view/automation-anywhere-rpa-development-new/,Automation Anywhere RPA Development (New),"Multi-choice test that measures the knowledge of Automation Anywhere dash board and task editor, control room, key commands, bots and Automation Anywhere client.","English (USA),",8 minutes,Knowledge & Skills,Yes,"Professional, Manager"
https://www.shl.com/solutions/products/product-catalog/view/automotive-engineering-new/,Automotive Engineering (New),"Multi-choice test that measures the knowledge of auto engine classification, engine fuel system, auto-vehicle technology, maintenance, inspection and troubleshooting.","English (USA),",13 minutes,Knowledge & Skills,Yes,"Professional, Manager"
https://www.shl.com/solutions/products/product-catalog/view/basic-biology-new/,Basic Biology (New),Multi choice test that measures the candidate's basic understanding of Biology.,"English (USA),",6 minutes,Knowledge & Skills,Yes,"Professional, Manager"
https://www.shl.com/solutions/products/product-catalog/view/basic-computer-literacy-windows-10-new/,Basic Computer Literacy (Windows 10) (New),"The Basic Computer Literacy (Windows 10) simulation measures knowledge of general computer terminology, processes, and applications and the ability to perform certain operations in a simulated environment resembling the actual application. This simulation consists of both multiple choice and simulation-based questions, and includes the following topics: Application Software, Computer Terms, Internet and Email, Managing Files, Operating System, and Parts of the Computer.","English (USA),",30 minutes,"Simulations, Knowledge & Skills",Yes,"Entry, Professional, Manager"
https://www.shl.com/solutions/products/product-catalog/view/basic-statistics-new/,Basic Statistics (New),"Multi-choice test that measures the knowledge of statistical methods, exploratory analysis, basics of probability, standard distributions and statistical testing.","English (USA),",10 minutes,Knowledge & Skills,Yes,"Professional, Manager"
https://www.shl.com/solutions/products/product-catalog/view/biochemistry-new/,Biochemistry (New),"Multi-choice test that measures the knowledge of various bio-molecules like amino acids, proteins, enzymes, carbohydrates, vitamins and nucleic acids, and concepts of bioenergetics and metabolism.","English (USA),",8 minutes,Knowledge & Skills,Yes,"Professional, Manager"
https://www.shl.com/solutions/products/product-catalog/view/biotech-lab-techniques-new/,Biotech Lab Techniques (New),"Multi-choice test that measures the knowledge of biophysical techniques, bio-processing and separation techniques like chromatography and electrophoresis.","English (USA),",5 minutes,Knowledge & Skills,Yes,"Professional, Manager"
https://www.shl.com/solutions/products/product-catalog/view/docker-new/,Docker (New),"Multi-choice test that measures the knowledge of Docker container, data management, Docker performance and swarm.","English (USA),",10 minutes,Knowledge & Skills,Yes,"Professional, Manager"
https://www.shl.com/solutions/products/product-catalog/view/dojo-new/,Dojo (New),"Multi-choice test that measures the knowledge of Dojo architecture, classes and libraries, styles, animation and Dojo queries.","English (USA),",11 minutes,Knowledge & Skills,Yes,"Professional, Manager"
https://www.shl.com/solutions/products/product-catalog/view/drupal-new/,Drupal (New),"Multi-choice test that measures the knowledge of Drupal setup, content management, user interface, module development and security.","English (USA),",17 minutes,Knowledge & Skills,Yes,"Professional, Manager"
https://www.shl.com/solutions/products/product-catalog/view/dsi-v1-1-interpretation-report/,DSI v1.1 Interpretation Report,DSI v1.1 Interpretation Report,"Portuguese (Brazil), Dutch, Finnish, French, Latin American Spanish, Norwegian, Swedish, English (USA), English International, Chinese Simplified, Chinese Traditional, Danish, German, Icelandic, Italian, Russian,",,Personality & Behavior,Yes,"Professional, Manager"
https://www.shl.com/solutions/products/product-catalog/view/econometrics-new/,Econometrics (New),"Multi-choice test that measures the knowledge of statistical concepts, exploratory analysis and statistical testing required to analyze economic data.","English (USA),",11 minutes,Knowledge & Skills,Yes,"Professional, Manager"
https://www.shl.com/solutions/products/product-catalog/view/economics-new/,Economics (New),"Multi-choice test that measures the conceptual knowledge of microeconomics, macroeconomics and international trade.","English (USA),",13 minutes,Knowledge & Skills,Yes,"Professional, Manager"
https://www.shl.com/solutions/products/product-catalog/view/electrical-and-electronics-engineering-new/,Electrical and Electronics Engineering (New),"Multi-choice test that measures the candidate’s knowledge and understanding on fundamentals of electrical engineering, instrumentation and control system and electronics.","English (USA),",14 minutes,Knowledge & Skills,Yes,"Professional, Manager"
https://www.shl.com/solutions/products/product-catalog/view/electrical-engineering-new/,Electrical Engineering (New),"Multi-choice test that measures the knowledge of basic electrical engineering, electrical machines, power systems, instrumentation, control systems and basic concepts of electronics.","English (USA),",8 minutes,Knowledge & Skills,Yes,"Professional, Manager"
https://www.shl.com/solutions/products/product-catalog/view/electronics-and-telecommunications-engineering-new/,Electronics & Telecommunications Engineering (New),"Multi-choice test that measures the candidate’s knowledge and understanding on semiconductors and semiconductor devices, analog and digital electronics, communication, electromagnetism and microwave engineering.","English (USA),",15 minutes,Knowledge & Skills,Yes,"Professional, Manager"
https://www.shl.com/solutions/products/product-catalog/view/electronics-and-embedded-systems-engineering-new/,Electronics and Embedded Systems Engineering (New),"Multi-choice test that measures the candidate’s knowledge and understanding on concepts like embedded systems and, analog and digital electronics.","English (USA),",18 minutes,Knowledge & Skills,Yes,"Professional, Manager"
https://www.shl.com/solutions/products/product-catalog/view/electronics-and-semiconductor-engineering-new/,Electronics and Semiconductor Engineering (New),"Multi-choice test that measures the knowledge of semiconductors, two terminal and three terminal devices, analog electronics, digital electronics and basics of VLSI.","English (USA),",7 minutes,Knowledge & Skills,Yes,"Professional, Manager"
https://www.shl.com/solutions/products/product-catalog/view/english-comprehension-new/,English Comprehension (New),"Multiple-choice test that measures vocabulary, grammar and reading comprehension skills.","English (USA),",0 minutes,Knowledge & Skills,Yes,"Entry, Professional, Manager"
https://www.shl.com/solutions/products/product-catalog/view/instrumentation-engineering-new/,Instrumentation Engineering (New),"Multi-choice test that measures the conceptual knowledge of instrumentation, electronics, signals and communication systems.","English (USA),",12 minutes,Knowledge & Skills,Yes,"Professional, Manager"
https://www.shl.com/solutions/products/product-catalog/view/interpersonal-communications/,Interpersonal Communications,"This adaptive test measures the candidate's knowledge of how to employ effective verbal and non-verbal communication to send his or her message and manage conflicts. It is designed for all professionals and covers the following topics: Communication and Perception, Group Communication and Teamwork, Intercultural Communication, Interpersonal Communication, Interviewing and Communication, Intrapersonal Communication, Listening, Nonverbal Communication, Technology in Communication, Verbal Communication, and Language.","English (USA),",15 minutes,Knowledge & Skills,Yes,"Entry, Professional, Manager"
https://www.shl.com/solutions/products/product-catalog/view/interviewing-and-hiring-concepts-u-s/,Interviewing and Hiring Concepts (U.S.),"The Interviewing and Hiring Concepts (U.S.) test measures knowledge of the interviewing  and hiring process. Designed for all employees and hiring managers, this test covers the following topics: Behavior Traits, Behavioral Interviewing, Candidate Fit, Interview Quality Control, Job Analysis, Legal Compliance, Probing Skills, Screening, Situational Interviews, and Types of Interviews.","English (USA),",15 minutes,Knowledge & Skills,Yes,"Professional, Manager"
https://www.shl.com/solutions/products/product-catalog/view/ios-development-new/,iOS Development (New),"Multi-choice test that measures the knowledge of Objective C, NSObject, iOS fundamentals and UI design on iOS phones.","English (USA),",7 minutes,Knowledge & Skills,Yes,"Professional, Manager"
https://www.shl.com/solutions/products/product-catalog/view/itil-it-infrastructure-library-new/,ITIL (IT Infrastructure Library) (New),"Multi-choice test that measures the knowledge of capacity management, change management and problem management.","English (USA),",8 minutes,Knowledge & Skills,Yes,"Professional, Manager"
https://www.shl.com/solutions/products/product-catalog/view/java-2-platform-enterprise-edition-1-4-fundamental/,Java 2 Platform Enterprise Edition 1.4 Fundamental,"The Java 2 Platform Enterprise Edition (J2EE) 1.4 Fundamentals test measures knowledge of basic J2EE 1.4 Fundamentals. Designed for entry-level users, this test covers the following topics: Business Component Development, J2EE 1.4 Architecture, JAX 1.2, JDBC 3.0, Supporting API, Web Component Development, and Web Service Development.","English (USA),",30 minutes,Knowledge & Skills,Yes,"Entry, Professional, Manager"
https://www.shl.com/solutions/products/product-catalog/view/java-8-new/,Java 8 (New),"Multi-choice test that measures the knowledge of Java class design, exceptions, generics, collections, concurrency, JDBC and Java I/O fundamentals.","English (USA),",18 minutes,Knowledge & Skills,Yes,"Professional, Manager"
https://www.shl.com/solutions/products/product-catalog/view/java-design-patterns-new/,Java Design Patterns (New),Multi-choice test that measures the knowledge of the types of design patterns in Java and principles like threads and refactoring used in Java design patterns.,"English (USA),",5 minutes,Knowledge & Skills,Yes,"Professional, Manager"
https://www.shl.com/solutions/products/product-catalog/view/java-frameworks-new/,Java Frameworks (New),"Multi-choice test that measures the knowledge of different Java frameworks - Struts, Hibernate and Spring.","English (USA),",17 minutes,Knowledge & Skills,Yes,"Professional, Manager"
https://www.shl.com/solutions/products/product-catalog/view/java-platform-enterprise-edition-7-java-ee-7/,Java Platform Enterprise Edition 7 (Java EE 7),"The Java Platform Enterprise Edition 7 (Java EE 7) test measures knowledge of the Java EE 7 architecture. Designed for Java programmers and architects, this test includes the following topics: Commonly-Used APIs, Component Technology, Database Access, JEE Application Architecture, JSP Extensions, Resource Management, Web Services, Webapp Control and View Technologies, and Webapp Technology.","English (USA),",30 minutes,Knowledge & Skills,Yes,"Professional, Manager"
https://www.shl.com/solutions/products/product-catalog/view/java-web-services-new/,Java Web Services (New),"Multi-choice test that measures the knowledge of basic Java constructs, OOP concepts, file handling, exception handling, threads, generics and inner class.","English (USA),",8 minutes,Knowledge & Skills,Yes,"Professional, Manager"
https://www.shl.com/solutions/products/product-catalog/view/javascript-new/,JavaScript (New),Multi-choice test that measures knowledge of programming in the JavaScript language and its application in front-end development.,"English (USA),",9 minutes,Knowledge & Skills,Yes,"Professional, Manager"
https://www.shl.com/solutions/products/product-catalog/view/mq-profile/,MQ Profile,"The profile chart is the Sten score graphical output of the MQ. It clearly shows the individual’s motivational drivers compared to the selected norm group as well as highlighting any unique scores.Please note this report is currently being updated on Talent Central as part of a reporting refresh project, and there may be visual differences when comparing Talent Central reports to ones generated on other assessment platforms. Differences are regarding the layout and display of the reports only and do not affect the underlying scoring. When viewing sample reports, please ensure you select the appropriate language and platform example.Where a sample report has no platform indicated, it is available on both the Talent Central and SODA platforms.","Flemish, French (Belgium), Spanish, Danish, Dutch, Finnish, French (Canada), French, German, Greek, Italian, Norwegian, Polish, Portuguese, Russian, Swedish, English International, English (USA), Romanian, Indonesian, Turkish, Chinese Simplified, Hungarian,",,Personality & Behavior,Yes,"Entry, Professional, Manager, Executive, Director"
https://www.shl.com/solutions/products/product-catalog/view/ms-access-new/,MS Access (New),Multi-choice test that measures the knowledge and basic understanding of MS Access programming.,"English (USA),",7 minutes,Knowledge & Skills,Yes,"Entry, Professional, Manager"
https://www.shl.com/solutions/products/product-catalog/view/ms-excel-new/,MS Excel (New),"Multi-choice test that measures the ability to use MS Excel to maintain, organize, analyze and present numeric data.","English (USA), Spanish, French, Portuguese (Brazil),",6 minutes,Knowledge & Skills,Yes,"Entry, Professional, Manager"
https://www.shl.com/solutions/products/product-catalog/view/ms-office-basic-computer-literacy-new/,MS Office Basic Computer Literacy (New),"Multi-choice test that measures the ability to use MS Word, MS Excel and MS PowerPoint to perform basic tasks on a computer.","English (USA), Spanish, Portuguese (Brazil), French,",7 minutes,Knowledge & Skills,Yes,"Professional, Manager"
https://www.shl.com/solutions/products/product-catalog/view/ms-office-basic-computer-literacy-sim-new/,MS Office Basic Computer Literacy (Sim) (New),"Simulation based test that measures the ability to use basic computer operations, browser navigation, MS office and email.","English (USA),",5 minutes,Simulations,Yes,"Entry, Professional, Manager"
https://www.shl.com/solutions/products/product-catalog/view/ms-powerpoint-new/,MS PowerPoint (New),"Multi-choice test that measures the knowledge of MS PowerPoint toolbars, slide layouts, animation, slideshow, slide designs and formats.","English (USA), French, Spanish, Portuguese (Brazil),",4 minutes,Knowledge & Skills,Yes,"Entry, Professional, Manager"
https://www.shl.com/solutions/products/product-catalog/view/ms-word-new/,MS Word (New),Multi-choice test that measures the ability to use MS Word to record and save textual information.,"Spanish, French, Portuguese (Brazil), English (USA),",4 minutes,Knowledge & Skills,Yes,"Entry, Professional, Manager"
https://www.shl.com/solutions/products/product-catalog/view/mulesoft-development-new/,MuleSoft Development (New),"Multi-choice test that measures the knowledge of MuleSoft basic concepts, APIs and web services, Mule flow and scope, connectors and deployment.","English (USA),",17 minutes,Knowledge & Skills,Yes,"Professional, Manager"
https://www.shl.com/solutions/products/product-catalog/view/multitasking-ability/,Multitasking Ability,"The Multitasking Ability assessment is a measure of one’s ability to adeptly work on more than one task simultaneously, while maintaining efficiency and effectiveness when interrupted or switching between tasks.  This test is a face-valid, split-screen simulation that is designed to assess multitasking ability. It captures the dynamic nature of the working environment by presenting the candidate with multiple types of items in a timed format. Candidates will be required to complete problem-solving items that are presented on one side of the screen, while at the same time attending to emails that are presented within an email inbox on the other side of the screen.","English (USA),",20 minutes,"Ability & Aptitude, Knowledge & Skills, Simulations",Yes,"Entry, Professional, Manager, Executive, Director"
https://www.shl.com/solutions/products/product-catalog/view/networking-and-implementation-new/,Networking and Implementation (New),"Multi-choice test that measures the knowledge of networking devices, protocols, reference models, routing and implementation of networks.","English (USA),",7 minutes,Knowledge & Skills,Yes,"Professional, Manager"
https://www.shl.com/solutions/products/product-catalog/view/node-js-new/,Node.js (New),"Multi-choice test that measures the basic knowledge of Node.js such as events, streams, file system, error handling, concurrency, DB handling and express framework.","English (USA),",9 minutes,Knowledge & Skills,Yes,"Professional, Manager"
https://www.shl.com/solutions/products/product-catalog/view/nursing-new/,Nursing (New),Multi-choice test that measures the knowledge of carrying out various nursing tasks.,"English (USA),",11 minutes,Knowledge & Skills,Yes,"Professional, Manager"
https://www.shl.com/solutions/products/product-catalog/view/production-engineering-new/,Production Engineering (New),"Multi-choice test that measures the knowledge of production technology and analysis, metal cutting, tool design, material science and CIM.","English (USA),",10 minutes,Knowledge & Skills,Yes,"Professional, Manager"
https://www.shl.com/solutions/products/product-catalog/view/programming-concepts/,Programming Concepts,"The Programming Concepts test measures knowledge of the core aspects of computer science programming that is valid across programming languages. Designed for all programmers, this test covers the following topics:  Algorithms, Complex Data Types, Data Access, Productivity and Quality, Program Flow, Program Structure, Programming Paradigms, User Interface, Variables, Data Types, and Operators.","English (USA),",25 minutes,Knowledge & Skills,Yes,"Professional, Manager"
https://www.shl.com/solutions/products/product-catalog/view/project-management-2013/,Project Management (2013),"The Project Management (2013) test measures knowledge of how to manage projects to ensure that objectives are completed on time and within budget. The test is based on Project Management Institute's (PMI's), Project Management Body of Knowledge (PMBOK) Fifth Edition methodology. Designed for all professionals, this test covers the following topics: Project Communications Management, Project Cost Management, Project Human Resource Management, Project Management Characteristics, Project Management Methodologies, Project Procurement Management, Project Quality Management, Project Risk Management, Project Scope Management, Project Stakeholder Management, and Project Time Management.","English (USA),",30 minutes,Knowledge & Skills,Yes,"Professional, Manager"
https://www.shl.com/solutions/products/product-catalog/view/proofreading-v1/,Proofreading v1,"This assessment measures ability to read for errors involving spelling, punctuation, grammar and word choice.  It also measures ability to correct those errors.","English International, English (USA),",6 minutes,Knowledge & Skills,Yes,"Entry, Professional, Manager"
https://www.shl.com/solutions/products/product-catalog/view/python-new/,Python (New),"Multi-choice test that measures the knowledge of Python programming, databases, modules and library.","English (USA),",11 minutes,Knowledge & Skills,Yes,"Professional, Manager"
https://www.shl.com/solutions/products/product-catalog/view/r-programming-new/,R Programming (New),Multi-choice test that measures the knowledge of R programming and its application in statistics.,"English (USA),",13 minutes,Knowledge & Skills,Yes,"Professional, Manager"
https://www.shl.com/solutions/products/product-catalog/view/reactjs-new/,ReactJS (New),"Multi-choice test that measures the technical knowledge of React APIs, render function, JSX, form validation and styling.","English (USA),",10 minutes,Knowledge & Skills,Yes,"Professional, Manager"
https://www.shl.com/solutions/products/product-catalog/view/reading-comprehension-english-v1/,Reading Comprehension - English v1,"The Reading Comprehension - English 
assessment provides a general measure of 
English reading comprehension. This test is 
comprised of items that contain a passage 
that you must read in order to answer the 
question being asked. The questions focus 
on the candidate's ability to demonstrate an 
understanding of the passage. Questions 
may be specific in nature, with answers that 
can be found almost word for word in the 
passage.  For example, the question may ask 
for a date, name or place that can be found by 
closely reading through the passage. 
Alternatively, the questions may be general in 
nature, with answers that can be determined 
only by fully understanding the meaning of the 
passage. ""What is the theme of the 
passage?"" or ""What is the mood of the 
author?"" are examples of general questions 
the candidate may be asked.","English (USA),",35 minutes,Ability & Aptitude,Yes,"Entry, Professional, Manager"
https://www.shl.com/solutions/products/product-catalog/view/reading-comprehension-spanish-v1/,Reading Comprehension - Spanish v1,"The Reading Comprehension - Spanish assessment provides a general measure of Spanish reading comprehension. This test is comprised of items that contain a passage that must read in order to answer the question being asked. The questions focus on the ability to demonstrate an understanding of the passage. Questions may be specific in nature, with answers that can be found almost word for word in the passage. For example, the question may ask for a date, name or place that can be found by closely reading through the passage. Alternatively, the questions may be general in nature, with answers that can be determined only by fully understanding the meaning of the passage. ""What is the theme of the passage?"" or ""What is the mood of the author?"" are examples of general questions that may be asked.","Latin American Spanish,",26 minutes,Ability & Aptitude,Yes,"Entry, Professional, Manager"
https://www.shl.com/solutions/products/product-catalog/view/reading-comprehension-v2/,Reading Comprehension v2,"The Reading Comprehension - English 
assessment provides a general measure of 
English reading comprehension. This test is 
comprised of items that contain a passage 
that you must read in order to answer the 
question being asked. The questions focus 
on the candidate's ability to demonstrate an 
understanding of the passage. Questions 
may be specific in nature, with answers that 
can be found almost word for word in the 
passage.  For example, the question may ask 
for a date, name or place that can be found by 
closely reading through the passage. 
Alternatively, the questions may be general in 
nature, with answers that can be determined 
only by fully understanding the meaning of the 
passage. ""What is the theme of the 
passage?"" or ""What is the mood of the 
author?"" are examples of general questions 
the candidate may be asked.","English (USA),",35 minutes,Ability & Aptitude,Yes,"Entry, Professional, Manager"
https://www.shl.com/solutions/products/product-catalog/view/remoteworkq/,RemoteWorkQ,"Using the Apta™ Architecture to focus on the relevant competency behaviors in the Universal Competency Framework, SHL developed the RemoteWorkQ to measure self-reported behavioral tendencies in competency areas that are important to performing effectively in remote work environments across three competency areas: 
o	Work Relationships
o	Work Habits
o	Self-Development & Well-Being
The RemoteWorkQ is intended for use across job families and levels for which working in a remote environment is important for the role. This report is designed to help you be more successful in a remote working environment by providing:
o	Insights into your identified strengths and potential risks for working remotely
o	Individualized coaching tips on how you can use your identified strengths to overcome risks","English (USA), Arabic, Italian, Chinese Simplified, Portuguese, Turkish, Portuguese (Brazil), Indonesian, English International, Spanish, Latin American Spanish, French (Canada), German, Dutch, French,",10 minutes,Competencies,Yes,"Entry, Professional, Manager, Executive, Director"
https://www.shl.com/solutions/products/product-catalog/view/remoteworkq-manager-report/,RemoteWorkQ Manager Report,"Using the Apta™ Architecture to focus on the relevant competency behaviors in the Universal Competency Framework, SHL developed the RemoteWorkQ to measure self-reported behavioral tendencies in competency areas that are important to performing effectively in remote work environments across three competency areas: 
o	Work Relationships
o	Work Habits
o	Self-Development & Well-Being
The RemoteWorkQ is intended for use across job families and levels for which working in a remote environment is important for the role. This report is designed to help you be more successful in a remote working environment by providing:
o	Insights into your identified strengths and potential risks for working remotely
o	Individualized coaching tips on how you can use your identified strengths to overcome risks",,,Competencies,Yes,"Entry, Professional, Manager, Executive, Director"
https://www.shl.com/solutions/products/product-catalog/view/verify-g/,Verify - G+,"The G+ test is part of the Verify suite of cognitive ability tests. The test is designed to measure three types of ability: Numerical, Deductive, and Inductive. There are 30 questions in the test, with 10 questions for each of the three abilities measured. Sample tasks for jobs that may require these abilities include, but are not limited to: evaluating arguments, analyzing scenarios, working with data, doing mathematical computations, interpreting graphs and tables, and drawing logical conclusions. The G+ test, due to its adaptive nature, is appropriate for all job levels and roles.","Romanian, English (USA), English International, French (Canada), Latin American Spanish, Arabic, Dutch, French, German, Swedish, Chinese Simplified, Chinese Traditional, Czech, Danish, Greek, Hungarian, Italian, Korean, Norwegian, Polish, Portuguese, Thai, Turkish, Finnish, Japanese, Spanish, Indonesian, Russian, Slovak, Serbian, Portuguese (Brazil), Vietnamese,",36 minutes,Ability & Aptitude,Yes,"Entry, Professional, Manager, Executive, Director"
https://www.shl.com/solutions/products/product-catalog/view/verify-general-ability-screen/,Verify - General Ability Screen,"The General Ability Screen is a first for us – a measure of general mental ability or ‘g’ .
Targeted at ‘entry-level’ roles, General Ability Screen is intended to precede other measures to provide process efficiency, and to ensure candidates experience the most positive possible assessment process, by being quick, fair and available as an online test 24/7/365. 
As the name suggests, the test is designed to be used in screening or sifting processes","German, French (Canada), English (USA), English International, Latin American Spanish, Dutch, French, Chinese Simplified, Portuguese (Brazil), Turkish, Japanese,",10 minutes,Ability & Aptitude,Yes,"Entry, Professional, Manager"
https://www.shl.com/solutions/products/product-catalog/view/verify-inductive-reasoning-2014/,Verify - Inductive Reasoning (2014),"Inductive Reasoning is a test used for job candidates applying to jobs at all levels that require logical reasoning ability. Sample tasks for jobs that may require inductive reasoning include, but are not limited to dealing with new concepts and approaches, answering questions of ‘why’ and ‘how’ and resolving complex and ambiguous problems. Potential job titles that use this ability are Senior Sales, Product/Service Development, Research and Development.","Portuguese (Brazil), Chinese Traditional, Chinese Simplified, Czech, Danish, Finnish, French, Hungarian, Indonesian, English International, Italian, Latin American Spanish, Norwegian, Portuguese, Russian, Thai, English (USA), French (Canada), Dutch, Polish, Slovak, Arabic, German, Greek, Japanese, Korean, Romanian, Serbian, Spanish, Swedish, Turkish,",24 minutes,Ability & Aptitude,Yes,"Entry, Professional, Manager, Executive, Director"
https://www.shl.com/solutions/products/product-catalog/view/verify-numerical-ability/,Verify - Numerical Ability,"The next-generation Verify Numerical Ability Test provides a replacement for the existing Numerical Reasoning test in our Verify range of ability tests and the Global Cognitive Index – Adaptive Quantitative test, and measures the ability to:
•	Derive the numerical problem from a written problem
•	Calculate the answer to numerical equations
•	Work with numerical data in a realistic workplace context

The test is 20 minutes long, has 16 items and is designed to provide an indication of how an individual will perform when asked to work with numerical information or statistical details.","Arabic, Portuguese (Brazil), French (Canada), Chinese Simplified, Czech, Dutch, Finnish, French, German, Hungarian, Indonesian, English International, Italian, Japanese, Korean, Norwegian, Portuguese, Romanian, Russian, Slovak, Spanish, Swedish, Turkish, English (USA), Latin American Spanish, Polish, Serbian, Chinese Traditional, Danish, Thai, Greek,",20 minutes,Ability & Aptitude,Yes,"Entry, Professional, Manager, Executive, Director"
https://www.shl.com/solutions/products/product-catalog/view/verify-technical-checking-next-generation/,Verify - Technical Checking - Next Generation,"The Technical Checking assessment is part of the Verify suite of cognitive ability assessments. Technical Checking measures perceptual speed and accuracy. This assessment requires examinees to quickly and accurately match symbols and switches based on a given set of rules. The Technical Checking assessment is mostly non-verbal and features shapes and figures. As with all assessments included in the Verify suite, the Technical Checking assessment allows organizations to assess this aspect of cognitive ability in an unproctored setting. This assessment is appropriate for all job levels and job titles, but is especially relevant for jobs that require the ability to quickly assess the accuracy of information against a set of rules.","Latin American Spanish, English (USA), English International, French, German, Italian, Dutch, Chinese Simplified,",5 minutes,Ability & Aptitude,Yes,"Entry, Professional, Manager"
https://www.shl.com/solutions/products/product-catalog/view/verify-verbal-ability-next-generation/,Verify - Verbal Ability - Next Generation,"The Verbal Ability test measures the ability to read written passages and comprehend the text, interpret tone and author intent, identify main ideas, and predict author responses. Sample tasks for jobs that may require verbal ability include, but are not limited to: working with reports, correspondence, instructions, and research information. The Verbal Ability test, due to its adaptive nature, is appropriate for all job levels and roles.","English (USA), English International,",15 minutes,Ability & Aptitude,Yes,"Entry, Professional, Manager, Executive, Director"
https://www.shl.com/solutions/products/product-catalog/view/verify-working-with-information/,Verify - Working with Information,This test measures a candidate's ability to process information. Candidates are given information in different table formats and are asked to use the information provided to answer related questions.,"Greek, Arabic, Chinese Simplified, German, French, Italian, Dutch, English International, English (USA), Latin American Spanish,",10 minutes,Ability & Aptitude,Yes,"Entry, Professional, Manager"
https://www.shl.com/solutions/products/product-catalog/view/verify-g-ability-test-report/,Verify G+ - Ability Test Report,"The SHL Verify G+ Ability Test Report provides the candidate's overall General Ability score alongside scores on Numerical, Deductive and Inductive Reasoning, using the comparison group selected by the user.",,,Ability & Aptitude,Yes,"Professional, Manager"
https://www.shl.com/solutions/products/product-catalog/view/verify-g-candidate-report/,Verify G+ - Candidate Report,"The SHL Verify G+ Ability Candidate Report provides the candidate with feedback on their Numerical, Deductive and Inductive Reasoning results. It does not include the overall score, as it is intended for feedback and developmental purposes. The report focuses on how the candidate can improve their abilities in each area (deductive, inductive, and numerical). Please note: language availability for the G+ Candidate Report is currently more limited than for the manger-facing G+ Ability Report.",,,Ability & Aptitude,Yes,"Professional, Manager"
https://www.shl.com/solutions/products/product-catalog/view/verify-interactive-ability-report/,Verify Interactive Ability Report,Verify Interactive Ability Report,,,Ability & Aptitude,Yes,"Professional, Manager"
https://www.shl.com/solutions/products/product-catalog/view/verify-interactive-g-candidate-report/,Verify Interactive G+ Candidate Report,Verify Interactive G+ Candidate Report,,,Ability & Aptitude,Yes,"Professional, Manager"
https://www.shl.com/solutions/products/product-catalog/view/verify-interactive-g-report/,Verify Interactive G+ Report,Report for Verify Interactive G+,,,Ability & Aptitude,Yes,"Professional, Manager"
https://www.shl.com/solutions/products/product-catalog/view/financial-services-representative-solution/,Financial Services Representative Solution,"The Financial Services Representative solution is for senior-level professional positions in the insurance industry that sell life insurance to businesses and individuals on behalf of insurance companies. Sample tasks for this position include, but are not limited to: calling on policyholders to deliver and explain policies or suggest additions or changes; calculating premiums; customizing insurance programs to suite individual customers; seeking out new clients and developing clientele by networking; ensuring policy requirements are fulfilled; and conferring with clients to obtain and provide information when calims are made on a policy. Potential job titles that use this solution are: Life Insurance Sales Professional, Insurance Sales Agent. Multiple configurations of this solution are available.","English (USA),",44 minutes,"Ability & Aptitude, Biodata & Situational Judgement, Personality & Behavior",Yes,"Professional, Manager"
https://www.shl.com/solutions/products/product-catalog/view/front-desk-associate-solution/,Front Desk Associate Solution,"The Front Desk Associate solution is designed for entry-level customer service positions in the hospitality industry. The solution is appropriate for positions in which the majority of work is done at the front or guest check-in desk. Sample tasks may include: welcoming guests warmly, issuing keys to guests, tabulating guest bills and accpeting payment. Potential job titles that use this solution are: Front Desk Clerk, Guest Desk Attendant, Guest Check-in Associate, or Front Office Agent. Multiple configurations of this solution are available.","English (USA),",50 minutes,"Ability & Aptitude, Biodata & Situational Judgement, Personality & Behavior",Yes,"Entry, Professional, Manager"
https://www.shl.com/solutions/products/product-catalog/view/gaming-associate-solution/,Gaming Associate Solution,"The Gaming Associate solution is designed for entry to mid-level positions operating gaming tables. The solution is for highly customer service focused positions that may potentially deal with large sums of money. Sample tasks may include: dealing playing cards, counting and confirming patron bets, collecting patron losses and distributing patron winnings, and exchange currency for playing chips. Potential job titles that use this solution are: Table Games Dealer, Black Jack Dealer, Dealer, Casino Dealer, Dual Rate Dealer, Card Dealer and Gaming Dealer. Multiple configurations of this solution are available.","English (USA),",50 minutes,"Ability & Aptitude, Biodata & Situational Judgement, Personality & Behavior, Simulations",Yes,"Entry, Professional, Manager"
https://www.shl.com/solutions/products/product-catalog/view/gaming-manager-solution/,Gaming Manager Solution,"The Gaming Manager solution is designed for management level positions within the hospitality industry. Sample tasks include managing operations, supervisors and associates within gaming environments. The solution is focused on security, integrity and managing sales. Potential job titles that use this solution are: Gaming Floor Manager and Gaming Manager. Multiple configurations of this solution are available.","English (USA),",55 minutes,"Simulations, Ability & Aptitude, Biodata & Situational Judgement, Knowledge & Skills, Personality & Behavior",Yes,"Professional, Manager"
https://www.shl.com/solutions/products/product-catalog/view/general-entry-level-all-industries-7-0-solution/,General Entry Level - All Industries 7.0 Solution,"Our General Entry Level – All Industries 7.0 solution is designed for entry-level positions across industries. This solution predicts the following types of behaviors foundational to all jobs: being on-time to work; following rules and policies; treating others respectfully; producing quality work; meeting goals; and effectively working alongside others.

Solution can be used across all industries with entry-level positions. Example titles include, but are not limited to: Administrator, Clerk, Veterinary Assistant, Stocker, Dish Washer, Office Coordinator, Tour Guide, Cook, Assistant, Housekeeper, Waste Collector.","English (USA), English International, French (Canada), Latin American Spanish,",19 minutes,Biodata & Situational Judgement,Yes,"Entry, Professional, Manager"
https://www.shl.com/solutions/products/product-catalog/view/general-entry-level-all-industries-7-1-solution/,General Entry Level - All Industries 7.1 Solution,"Our General Entry Level – All Industries 7.1 solution is designed for entry-level positions across industries. This solution predicts the following types of behaviors foundational to all jobs: being on-time to work; following rules and policies; treating others respectfully; producing quality work; meeting goals; and effectively working alongside others.

Solution can be used across all industries with entry-level positions. Example titles include, but are not limited to: Administrator, Clerk, Veterinary Assistant, Stocker, Dish Washer, Office Coordinator, Tour Guide, Cook, Assistant, Housekeeper, Waste Collector.“MCP Product: please note that you will need to select the correct package depending on which norm you intend to use. The package available for this product is Americas and International.""","German, Norwegian, Finnish, French (Canada), Portuguese (Brazil), Latin American Spanish, English (USA), English International, Danish, Swedish, French, Italian,",19 minutes,Biodata & Situational Judgement,Yes,"Entry, Professional, Manager"
https://www.shl.com/solutions/products/product-catalog/view/general-entry-level-all-industries-7-1%28americas%29/,General Entry Level - All Industries 7.1(Americas),"Our General Entry Level – All Industries 7.1 solution is designed for entry-level positions across industries. This solution predicts the following types of behaviors foundational to all jobs: being on-time to work; following rules and policies; treating others respectfully; producing quality work; meeting goals; and effectively working alongside others.

Solution can be used across all industries with entry-level positions. Example titles include, but are not limited to: Administrator, Clerk, Veterinary Assistant, Stocker, Dish Washer, Office Coordinator, Tour Guide, Cook, Assistant, Housekeeper, Waste Collector.","Portuguese (Brazil), French (Canada), English (USA), Latin American Spanish,",19 minutes,Biodata & Situational Judgement,Yes,"Entry, Professional, Manager"
https://www.shl.com/solutions/products/product-catalog/view/general-entry-level-data-entry-7-0-solution/,General Entry Level – Data Entry 7.0 Solution,"Our General Entry Level – Data Entry 7.0 solution is designed for entry-level positions that include entering data into computers or data management systems. This solution measures speed and accuracy at typing text and numbers into forms and predicts the following types of behaviors foundational to all jobs: being on-time to work; following rules and policies; treating others respectfully; producing quality work; meeting goals; and approaching work in a thorough and precise manner.  

This solution can be used across all industries with entry-level positions. Example titles include, but are not limited to: Accounting Clerk, Accounts Receivable Clerk, Administrative Clerk, Clerical Aide, Clerical Assistant, Office Assistant, Office Services Specialist, Staff Assistant.Report Language Availability:English (USA)","English (USA),",24 minutes,"Biodata & Situational Judgement, Knowledge & Skills",Yes,"Entry, Professional, Manager"
https://www.shl.com/solutions/products/product-catalog/view/graduate-8-0-job-focused-assessment/,Graduate + 8.0 Job Focused Assessment,"The Graduate + 8.0 Job Focused Assessment is a short, targeted, globally applicable assessment which includes a short cognitive ability measure. It helps you identify graduates with the highest potential to contribute and succeed, as well as providing actionable feedback to help you onboard new hires.It is designed for professional level positions appropriate for recent college graduates and is available as part of SHL’s Graduate Solution.","Arabic, Latin American Spanish, Portuguese, Polish, Portuguese (Brazil), Romanian, Turkish, English International, Italian, French, German, Dutch, Chinese Simplified, Swedish, Norwegian, Danish, Chinese Traditional, Spanish, Japanese,",30 minutes,"Ability & Aptitude, Biodata & Situational Judgement, Personality & Behavior",Yes,"Professional, Manager"
https://www.shl.com/solutions/products/product-catalog/view/graduate-7-1-job-focused-assessment/,Graduate 7.1 Job Focused Assessment,The Graduate 7.1 Job Focused Assessment is designed for professional level positions appropriate for recent college graduates.,"Chinese Simplified, English (USA), French, German, English International, Italian, Japanese, Latin American Spanish, Polish, Russian, Swedish, Dutch, Portuguese (Brazil),",19 minutes,"Biodata & Situational Judgement, Competencies",Yes,"Professional, Manager"
https://www.shl.com/solutions/products/product-catalog/view/graduate-8-0-job-focused-assessment-4228/,Graduate 8.0 Job Focused Assessment,"The Graduate 8.0 Job Focused Assessment is a short, targeted, globally applicable assessment to help you identify graduates with the highest potential to contribute and succeed. It also provides actionable feedback to help you onboard new hires.It is designed for professional level positions appropriate for recent college graduates and is available as part of SHL’s Graduate Solution.","English (USA), English International, Italian, French, German, Dutch, Chinese Simplified, Swedish, Finnish, Norwegian, Danish, Chinese Traditional, Turkish, Romanian, Japanese, Latin American Spanish, Indonesian, Portuguese (Brazil), Arabic, Polish,",20 minutes,"Personality & Behavior, Biodata & Situational Judgement",Yes,"Professional, Manager"
https://www.shl.com/solutions/products/product-catalog/view/guest-service-team-7-0-solution/,Guest Service Team 7.0 Solution,"Our Guest Service Team 7.0 solution is designed for team-oriented entry-level positions that involve a high degree of interaction with customers. The solution covers a wide variety of positions, and assesses competencies critical to interacting with customers including: persisting to meet guest needs; behaving responsibly and appropriately; effectively working alongside others; preparing and/or delivering customer orders; following rules and policies; and communicating effectively. 

Potential job titles that use this solution include: Server, Hostess, Guest Services Team Member, Customer Service Champion.Report Language Availability:English (USA), Latin American Spanish.","French (Canada), Latin American Spanish, English (USA), English International,",18 minutes,Biodata & Situational Judgement,Yes,"Entry, Professional, Manager"
https://www.shl.com/solutions/products/product-catalog/view/proof-operator-processing-specialist-short-form/,Proof Operator - Processing Specialist -Short Form,"The Proof Operator – Processing Specialist solution is for entry-level positions that perform basic daily bank operations procedures such as the processing of deposits, reconciling accounts, and handling money transfers.  Potential job titles include:  Proof Operator, Bank Operations Processor, and Operations Specialist.","English (USA),",30 minutes,Simulations,Yes,"Entry, Professional, Manager"
https://www.shl.com/solutions/products/product-catalog/view/reservation-agent-solution/,Reservation Agent Solution,"The Reservation Agent solution is designed for entry-level positions within the hospitality industry. Sample tasks may indlude making, updating, or canceling reservations; looking up information and entering information into a computer; providing information on the hotel and the services offered. Potential titles that use this solution are: Reservation Agent, Customer Service Representative and Reservationist. Multiple configurations of this solution are available.","English (USA),",43 minutes,"Ability & Aptitude, Personality & Behavior, Simulations, Biodata & Situational Judgement",Yes,"Entry, Professional, Manager"
https://www.shl.com/solutions/products/product-catalog/view/restaurant-manager-solution/,Restaurant Manager Solution,"The Restaurant Manager solution is designed for management level positions in the hospitality industry. Sample tasks include purchasing food and supplies, accounting, setting policies and procedures, and managing staff. The solution is focused on managing staff, solving problems, making good decisions and maintaining focus on the customer. Potential job titles that use this solution are: Restaurant Manager and General Manager. Multiple configurations of this solution are available.","English (USA),",48 minutes,"Ability & Aptitude, Biodata & Situational Judgement, Personality & Behavior, Simulations",Yes,"Professional, Manager"
https://www.shl.com/solutions/products/product-catalog/view/restaurant-supervisor-solution/,Restaurant Supervisor Solution,"The Restaurant Supervisor solution is designed for management level positions in the hospitality industry. Sample tasks include serving as a staff resource, setting schedules and monitoring daily operations. The solution is focused on solving problems, making good decisions and maintaining focus on the customer. Potential job titles that use this solution are: Restaurant Supervisor and Restaurant Staff Supervisor. Multiple configurations of this solution are available.","English (USA),",53 minutes,"Ability & Aptitude, Biodata & Situational Judgement, Personality & Behavior",Yes,"Professional, Manager"
https://www.shl.com/solutions/products/product-catalog/view/retail-consultant-solution/,Retail Consultant Solution,"The Retail Consultant solution is for entry to mid-level retail positions in which employees proactively sell products to customers, develop relationships with repeat customers, and have their pay and/or performance heavily based on sales revenue.  Sample tasks for these jobs include, but are not limited to: promoting products to customers, persuading customers to buy products, and building ongoing customer relationships.  Potential job titles that use this solution are: Sales Consultant, Sales Representative, and Retail Sales Associate. There are multiple configurations and versions of this solution available.","English (USA),",45 minutes,"Ability & Aptitude, Biodata & Situational Judgement, Personality & Behavior",Yes,"Entry, Professional, Manager"
https://www.shl.com/solutions/products/product-catalog/view/retail-manager-w-sales-solution/,Retail Manager w/ Sales Solution,"The Retail Manager with Sales solution is an assessment used for job candidates applying to entry-level leadership positions who tend to supervise hourly employees but also have a significant portion of their job performance based on sales and customer service. Sample tasks for these jobs include, but are not limited to:  planning and preparing work schedules, assigning employees to specific duties; promoting products to customers; training subordinates; building ongoing customer relationships; and making day-to-day decisions with minimal guidance from others. Potential job titles that use this solution are: Assistant Manager, Sales Supervisor, Retail Manager, and Floor Leader. There are multiple configurations and versions of this solution available.","English (USA),",43 minutes,"Ability & Aptitude, Biodata & Situational Judgement, Personality & Behavior",Yes,"Entry, Professional, Manager"
https://www.shl.com/solutions/products/product-catalog/view/retail-sales-associate-solution/,Retail Sales Associate Solution,"The Retail Sales Associate solution is for entry-level retail positions in which employees proactively sell products to customers and have their pay and/or performance based on sales revenue.  Sample tasks for these jobs include, but are not limited to: promoting products to customers, persuading customers to buy products, and completing a transaction with a customer.  Potential job titles that use this solution are: Sales Representative, Retail Sales Associate, and Sales Clerk. There are multiple configurations and versions of this solution available.","English (USA),",29 minutes,"Ability & Aptitude, Biodata & Situational Judgement, Personality & Behavior",Yes,"Entry, Professional, Manager"
https://www.shl.com/solutions/products/product-catalog/view/sales-director-solution/,Sales Director Solution,"The Sales Director solution is for mid- to senior-level sales management positions that oversee the sales function across multiple offices or geographic territories.  Sample tasks for these jobs include, but are not limited to: directing a group of sales supervisors or sales managers, having profit and loss responsibility for a district or region, and aligning work with overall company goals.  Potential job titles that use this solution are: Regional Sales Director, District Sales Manager, and Sales Director.  Multiple configurations of this solution are available.","English (USA),",59 minutes,"Ability & Aptitude, Biodata & Situational Judgement, Personality & Behavior",Yes,"Professional, Manager, Director"
https://www.shl.com/solutions/products/product-catalog/view/sales-engineer-solution/,Sales Engineer Solution,"The Sales Engineer solution is designed for use with professional level telecommunications engineers with distinct sales responsibilities. The solution is focused on positions that involve the design of telecommunications networks for specific customer applications, and places an emphasis on reasoning ability and sales ability. Sample tasks may include: designing network solutions to meet customer needs, communicating technical information to all levels of clients participating in the sales process, assisting or owning the sales process, and ensuring proper implementation of contracted equipment and services. Potential job titles that use this solution are: Sales Engineer, Senior Technical Consultant, and Technical Sales Lead. There are multiple configurations of this solution available.","English (USA),",61 minutes,"Ability & Aptitude, Biodata & Situational Judgement, Knowledge & Skills, Personality & Behavior, Simulations",Yes,"Professional, Manager"
https://www.shl.com/solutions/products/product-catalog/view/sales-manager-solution/,Sales Manager Solution,"The Sales Manager solution is an assessment used for applying to entry to mid-level sales leadership positions that generally manage employees and have a significant portion of their job performance based on sales. Sample tasks for these jobs include, but are not limited to: planning and preparing sales plans, promoting products to customers, training subordinates, building ongoing customer
relationships, and making day-to-day decisions with minimal guidance from others. Potential job titles that use this solution are: Sales Manager and Manager of Direct Sales.","English (USA),",63 minutes,"Ability & Aptitude, Biodata & Situational Judgement, Personality & Behavior",Yes,"Entry, Professional, Manager"
https://www.shl.com/solutions/products/product-catalog/view/sales-professional-7-0-solution/,Sales Professional 7.0 Solution,"Our Sales Professional 7.0 solution is designed for entry to mid-level sales positions in which employees proactively sell products to customers, develop relationships with repeat customers, and have their pay and/or performance heavily based on sales revenue. Sample tasks for these jobs include, but are not limited to: promoting products to customers, persuading customers to buy products, and building ongoing customer relationships.Report Language Availability:English (USA).","English International, English (USA), French (Canada), Latin American Spanish,",21 minutes,"Competencies, Biodata & Situational Judgement",Yes,"Entry, Professional, Manager"
https://www.shl.com/solutions/products/product-catalog/view/sales-professional-7-1-%28americas%29/,Sales Professional 7.1 (Americas),"Our Sales Professional 7.1 solution is designed for entry to mid-level sales positions in which employees proactively sell products to customers, develop relationships with repeat customers, and have their pay and/or performance heavily based on sales revenue. Sample tasks for these jobs include, but are not limited to: promoting products to customers, persuading customers to buy products, and building ongoing customer relationships.","English (USA), Portuguese (Brazil), Latin American Spanish, French (Canada),",21 minutes,"Biodata & Situational Judgement, Competencies",Yes,"Entry, Professional, Manager"
